start_idx,end_idx,travel_time,cost
0,1,1.423765215715609,571.1882607857805
1,0,1.423765215715609,71.18826078578046
0,2,1.3706229491603237,568.5311474580162
2,0,1.3706229491603237,68.53114745801618
1,2,1.6887417257418824,84.43708628709412
2,1,1.6887417257418824,84.43708628709412
0,3,1.1978580765405262,559.8929038270263
3,0,1.1978580765405262,59.89290382702631
1,3,0.22680427377082724,11.340213688541361
3,1,0.22680427377082724,11.340213688541361
2,3,1.5421266420365698,77.10633210182849
3,2,1.5421266420365698,77.10633210182849
0,4,1.2248186491365742,561.2409324568287
4,0,1.2248186491365742,61.240932456828716
1,4,2.5093651903017467,125.46825951508734
4,1,2.5093651903017467,125.46825951508734
2,4,1.4607447398846298,73.03723699423149
4,2,1.4607447398846298,73.03723699423149
3,4,2.288541797397137,114.42708986985686
4,3,2.288541797397137,114.42708986985686
0,5,1.3374210210929391,566.871051054647
5,0,1.3374210210929391,66.87105105464695
1,5,2.281891771634342,114.0945885817171
5,1,2.281891771634342,114.0945885817171
2,5,0.861887177681798,43.0943588840899
5,2,0.861887177681798,43.0943588840899
3,5,2.0851596505015366,104.25798252507683
5,3,2.0851596505015366,104.25798252507683
4,5,0.6963085004926655,34.81542502463327
5,4,0.6963085004926655,34.81542502463327
0,6,1.0962743696176132,554.8137184808807
6,0,1.0962743696176132,54.81371848088065
1,6,0.5462231987378272,27.31115993689136
6,1,0.5462231987378272,27.31115993689136
2,6,1.8208702417329996,91.04351208664998
6,2,1.8208702417329996,91.04351208664998
3,6,0.4305387919587887,21.526939597939435
6,3,0.4305387919587887,21.526939597939435
4,6,2.294849029173952,114.7424514586976
6,4,2.294849029173952,114.7424514586976
5,6,2.2218532237362187,111.09266118681094
6,5,2.2218532237362187,111.09266118681094
0,7,0.9956028375507,549.780141877535
7,0,0.9956028375507,49.780141877535
1,7,2.0631999651346633,103.15999825673318
7,1,2.0631999651346633,103.15999825673318
2,7,0.9098875650500697,45.49437825250349
7,2,0.9098875650500697,45.49437825250349
3,7,1.8533265720036494,92.66632860018247
7,3,1.8533265720036494,92.66632860018247
4,7,0.5585472042480929,27.927360212404647
7,4,0.5585472042480929,27.927360212404647
5,7,0.3534966079840992,17.67483039920496
7,5,0.3534966079840992,17.67483039920496
6,7,1.940305264094089,97.01526320470445
7,6,1.940305264094089,97.01526320470445
0,8,0.13893364285902846,506.94668214295143
8,0,0.13893364285902846,6.946682142951423
1,8,1.5175734092785083,75.87867046392542
8,1,1.5175734092785083,75.87867046392542
2,8,1.298272844708598,64.9136422354299
8,2,1.298272844708598,64.9136422354299
3,8,1.2907878723034278,64.53939361517139
8,3,1.2907878723034278,64.53939361517139
4,8,1.0893793683345834,54.46896841672917
8,4,1.0893793683345834,54.46896841672917
5,8,1.2069148237462966,60.34574118731483
8,5,1.2069148237462966,60.34574118731483
6,8,1.2192171625938542,60.9608581296927
8,6,1.2192171625938542,60.9608581296927
7,8,0.8618222923825801,43.09111461912901
8,7,0.8618222923825801,43.09111461912901
0,9,0.4512606006805804,522.563030034029
9,0,0.4512606006805804,22.56303003402902
1,9,0.9812204255949213,49.061021279746065
9,1,0.9812204255949213,49.061021279746065
2,9,1.3949701674417148,69.74850837208574
9,2,1.3949701674417148,69.74850837208574
3,9,0.7580028388210883,37.900141941054414
9,3,0.7580028388210883,37.900141941054414
4,9,1.6367760393949171,81.83880196974586
9,4,1.6367760393949171,81.83880196974586
5,9,1.6154817207386316,80.77408603693158
9,5,1.6154817207386316,80.77408603693158
6,9,0.6584948717064059,32.92474358532029
9,6,0.6584948717064059,32.92474358532029
7,9,1.3089512733401678,65.4475636670084
9,7,1.3089512733401678,65.4475636670084
8,9,0.5645184713265889,28.22592356632945
9,8,0.5645184713265889,28.22592356632945
0,10,1.3306497770405243,566.5324888520262
10,0,1.3306497770405243,66.53248885202622
1,10,1.5712223700807213,78.56111850403606
10,1,1.5712223700807213,78.56111850403606
2,10,0.1214558256132909,6.0727912806645445
10,2,0.1214558256132909,6.0727912806645445
3,10,1.4287920907136566,71.43960453568283
10,3,1.4287920907136566,71.43960453568283
4,10,1.524246648702906,76.2123324351453
10,4,1.524246648702906,76.2123324351453
5,10,0.9552647237445586,47.76323618722793
10,5,0.9552647237445586,47.76323618722793
6,10,1.7184635098881256,85.92317549440628
10,6,1.7184635098881256,85.92317549440628
7,10,0.9673582702994561,48.367913514972805
10,7,0.9673582702994561,48.367913514972805
8,10,1.2690599356392818,63.45299678196409
10,8,1.2690599356392818,63.45299678196409
9,10,1.31952116322239,65.9760581611195
10,9,1.31952116322239,65.9760581611195
0,11,1.4821295034619562,574.1064751730978
11,0,1.4821295034619562,74.1064751730978
1,11,0.1328086208592805,6.640431042964025
11,1,0.1328086208592805,6.640431042964025
2,11,1.6312389456162537,81.56194728081269
11,2,1.6312389456162537,81.56194728081269
3,11,0.29784113760145525,14.892056880072762
11,3,0.29784113760145525,14.892056880072762
4,11,2.527696235828094,126.3848117914047
11,4,2.527696235828094,126.3848117914047
5,11,2.264053463065663,113.20267315328313
11,5,2.264053463065663,113.20267315328313
6,11,0.6708057223617814,33.54028611808907
11,6,0.6708057223617814,33.54028611808907
7,11,2.0627576371350798,103.13788185675399
11,7,2.0627576371350798,103.13788185675399
8,11,1.5673314709041093,78.36657354520547
11,8,1.5673314709041093,78.36657354520547
9,11,1.0500848792146018,52.50424396073009
11,9,1.0500848792146018,52.50424396073009
10,11,1.5117610694967611,75.58805347483806
11,10,1.5117610694967611,75.58805347483806
0,12,0.4849184809925334,524.2459240496266
12,0,0.4849184809925334,24.24592404962667
1,12,1.8735013538808964,93.67506769404483
12,1,1.8735013538808964,93.67506769404483
2,12,1.374717732007028,68.7358866003514
12,2,1.374717732007028,68.7358866003514
3,12,1.646809361511454,82.3404680755727
12,3,1.646809361511454,82.3404680755727
4,12,0.7574309937982373,37.871549689911866
12,4,0.7574309937982373,37.871549689911866
5,12,1.0384989029876615,51.92494514938307
12,5,1.0384989029876615,51.92494514938307
6,12,1.579804808621489,78.99024043107445
12,6,1.579804808621489,78.99024043107445
7,12,0.6878832910827959,34.39416455413979
12,7,0.6878832910827959,34.39416455413979
8,12,0.3626932241551686,18.13466120775843
12,8,0.3626932241551686,18.13466120775843
9,12,0.9270552619468393,46.35276309734196
12,9,0.9270552619468393,46.35276309734196
10,12,1.377360185171536,68.8680092585768
12,10,1.377360185171536,68.8680092585768
11,12,1.917252209208859,95.86261046044295
12,11,1.917252209208859,95.86261046044295
0,13,0.5646823408134252,528.2341170406712
13,0,0.5646823408134252,28.234117040671258
1,13,0.8692628157214547,43.463140786072735
13,1,0.8692628157214547,43.463140786072735
2,13,1.415622945184083,70.78114725920415
13,2,1.415622945184083,70.78114725920415
3,13,0.647266191153169,32.36330955765845
13,3,0.647266191153169,32.36330955765845
4,13,1.7405555677411255,87.02777838705627
13,4,1.7405555677411255,87.02777838705627
5,13,1.6913790817060377,84.56895408530188
13,5,1.6913790817060377,84.56895408530188
6,13,0.5551381611776721,27.756908058883607
13,6,0.5551381611776721,27.756908058883607
7,13,1.3946818198419735,69.73409099209867
13,7,1.3946818198419735,69.73409099209867
8,13,0.6756118468872794,33.78059234436397
13,8,0.6756118468872794,33.78059234436397
9,13,0.11367120475585066,5.683560237792533
13,9,0.11367120475585066,5.683560237792533
10,13,1.3325983520047218,66.62991760023608
13,10,1.3325983520047218,66.62991760023608
11,13,0.941207251622358,47.0603625811179
13,11,0.941207251622358,47.0603625811179
12,13,1.0383048598375628,51.915242991878145
13,12,1.0383048598375628,51.915242991878145
0,14,1.5145502066422247,575.7275103321113
14,0,1.5145502066422247,75.72751033211124
1,14,2.7990825026647013,139.95412513323507
14,1,2.7990825026647013,139.95412513323507
2,14,1.6637301180450965,83.18650590225482
14,2,1.6637301180450965,83.18650590225482
3,14,2.5791985954385717,128.95992977192859
14,3,2.5791985954385717,128.95992977192859
4,14,0.29358185747652554,14.679092873826276
14,4,0.29358185747652554,14.679092873826276
5,14,0.8307911261082636,41.53955630541318
14,5,0.8307911261082636,41.53955630541318
6,14,2.588241926576746,129.4120963288373
14,6,2.588241926576746,129.4120963288373
7,14,0.7992675376885058,39.96337688442529
14,7,0.7992675376885058,39.96337688442529
8,14,1.3802341793897746,69.01170896948872
14,8,1.3802341793897746,69.01170896948872
9,14,1.9300434355227685,96.50217177613843
14,9,1.9300434355227685,96.50217177613843
10,14,1.7400401693133731,87.00200846566865
14,10,1.7400401693133731,87.00200846566865
11,14,2.8147062130891656,140.7353106544583
14,11,2.8147062130891656,140.7353106544583
12,14,1.0405700089547385,52.028500447736924
14,12,1.0405700089547385,52.028500447736924
13,14,2.0340722051141658,101.70361025570828
14,13,2.0340722051141658,101.70361025570828
0,15,1.1532770174652736,557.6638508732636
15,0,1.1532770174652736,57.66385087326368
1,15,1.1321880846546808,56.609404232734036
15,1,1.1321880846546808,56.609404232734036
2,15,2.2424114780773836,112.12057390386919
15,2,2.2424114780773836,112.12057390386919
3,15,1.0257449517881014,51.28724758940508
15,3,1.0257449517881014,51.28724758940508
4,15,2.3619170013970963,118.09585006985482
15,4,2.3619170013970963,118.09585006985482
5,15,2.4609936757737505,123.04968378868752
15,5,2.4609936757737505,123.04968378868752
6,15,0.5971523669277439,29.857618346387195
15,6,0.5971523669277439,29.857618346387195
7,15,2.134525197346526,106.72625986732629
15,7,2.134525197346526,106.72625986732629
8,15,1.292181250338802,64.6090625169401
15,8,1.292181250338802,64.6090625169401
9,15,0.868190808571056,43.4095404285528
15,9,0.868190808571056,43.4095404285528
10,15,2.1559292137624517,107.7964606881226
15,10,2.1559292137624517,107.7964606881226
11,15,1.2613739127886865,63.068695639434324
15,11,1.2613739127886865,63.068695639434324
12,15,1.6047319874554704,80.23659937277353
15,12,1.6047319874554704,80.23659937277353
13,15,0.8282039779674675,41.41019889837337
15,13,0.8282039779674675,41.41019889837337
14,15,2.6442936142219597,132.214680711098
15,14,2.6442936142219597,132.214680711098
0,16,1.0927154591340724,554.6357729567036
16,0,1.0927154591340724,54.635772956703626
1,16,2.5092905923913658,125.46452961956828
16,1,2.5092905923913658,125.46452961956828
2,16,1.8530010046642935,92.65005023321467
16,2,1.8530010046642935,92.65005023321467
3,16,2.2825157474320834,114.12578737160418
16,3,2.2825157474320834,114.12578737160418
4,16,0.5882165588153867,29.410827940769334
16,4,0.5882165588153867,29.410827940769334
5,16,1.2303595079239498,61.51797539619749
16,5,1.2303595079239498,61.51797539619749
6,16,2.1781420554284487,108.90710277142244
16,6,2.1781420554284487,108.90710277142244
7,16,0.9738092589319045,48.690462946595225
16,7,0.9738092589319045,48.690462946595225
8,16,0.9917408274460751,49.58704137230375
16,8,0.9917408274460751,49.58704137230375
9,16,1.5439586729307155,77.19793364653577
16,9,1.5439586729307155,77.19793364653577
10,16,1.886477552668091,94.32387763340455
16,10,1.886477552668091,94.32387763340455
11,16,2.557542001186251,127.87710005931255
16,11,2.557542001186251,127.87710005931255
12,16,0.6431858330345246,32.15929165172623
16,12,0.6431858330345246,32.15929165172623
13,16,1.657394070402283,82.86970352011414
16,13,1.657394070402283,82.86970352011414
14,16,0.7284831674252372,36.42415837126186
16,14,0.7284831674252372,36.42415837126186
15,16,2.0964481333773297,104.82240666886648
16,15,2.0964481333773297,104.82240666886648
0,17,1.141562079161915,557.0781039580958
17,0,1.141562079161915,57.078103958095745
1,17,2.051028150837574,102.5514075418787
17,1,2.051028150837574,102.5514075418787
2,17,0.7128016986238072,35.64008493119036
17,2,0.7128016986238072,35.64008493119036
3,17,1.8532921995870266,92.66460997935133
17,3,1.8532921995870266,92.66460997935133
4,17,0.7536028180788508,37.68014090394254
17,4,0.7536028180788508,37.68014090394254
5,17,0.2321879410831589,11.609397054157945
17,5,0.2321879410831589,11.609397054157945
6,17,1.9922163982960828,99.61081991480414
17,6,1.9922163982960828,99.61081991480414
7,17,0.24011374752501533,12.005687376250766
17,7,0.24011374752501533,12.005687376250766
8,17,1.017108394579431,50.85541972897155
17,8,1.017108394579431,50.85541972897155
9,17,1.3935244603562646,69.67622301781323
17,9,1.3935244603562646,69.67622301781323
10,17,0.7882811617610358,39.41405808805179
17,10,0.7882811617610358,39.41405808805179
11,17,2.035134517240065,101.75672586200325
17,11,2.035134517240065,101.75672586200325
12,17,0.9010607048962843,45.05303524481422
17,12,0.9010607048962843,45.05303524481422
13,17,1.4659520120386107,73.29760060193054
17,13,1.4659520120386107,73.29760060193054
14,17,0.9522347000256376,47.61173500128188
17,14,0.9522347000256376,47.61173500128188
15,17,2.2465510755564027,112.32755377782013
17,15,2.2465510755564027,112.32755377782013
16,17,1.2112668297229825,60.56334148614913
17,16,1.2112668297229825,60.56334148614913
0,18,1.5451052451590668,577.2552622579533
18,0,1.5451052451590668,77.25526225795333
1,18,2.9688353594008094,148.44176797004047
18,1,2.9688353594008094,148.44176797004047
2,18,2.317236540999291,115.86182704996455
18,2,2.317236540999291,115.86182704996455
3,18,2.7427496449932742,137.13748224966372
18,3,2.7427496449932742,137.13748224966372
4,18,0.9271041167090383,46.35520583545191
18,4,0.9271041167090383,46.35520583545191
5,18,1.6212977182204205,81.06488591102102
18,5,1.6212977182204205,81.06488591102102
6,18,2.6039728512050355,130.19864256025178
18,6,2.6039728512050355,130.19864256025178
7,18,1.4168816074704302,70.8440803735215
18,7,1.4168816074704302,70.8440803735215
8,18,1.4577360034547475,72.88680017273738
18,8,1.4577360034547475,72.88680017273738
9,18,1.992268385212948,99.61341926064739
18,9,1.992268385212948,99.61341926064739
10,18,2.3584777598668523,117.92388799334262
18,10,2.3584777598668523,117.92388799334262
11,18,3.0240417413631473,151.20208706815737
18,11,3.0240417413631473,151.20208706815737
12,18,1.1234823362929434,56.174116814647164
18,12,1.1234823362929434,56.174116814647164
13,18,2.105832971782378,105.29164858911889
18,13,2.105832971782378,105.29164858911889
14,18,0.9173254991245935,45.866274956229674
18,14,0.9173254991245935,45.866274956229674
15,18,2.448715812211033,122.43579061055165
18,15,2.448715812211033,122.43579061055165
16,18,0.4889082510414849,24.445412552074245
18,16,0.4889082510414849,24.445412552074245
17,18,1.645036481878885,82.25182409394425
18,17,1.645036481878885,82.25182409394425
0,19,0.8937761893098413,544.6888094654921
19,0,0.8937761893098413,44.688809465492064
1,19,0.9911810455604256,49.559052278021284
19,1,0.9911810455604256,49.559052278021284
2,19,0.7561961899696751,37.80980949848375
19,2,0.7561961899696751,37.80980949848375
3,19,0.8124719274322182,40.62359637161091
19,3,0.8124719274322182,40.62359637161091
4,19,1.625099559049603,81.25497795248015
19,4,1.625099559049603,81.25497795248015
5,19,1.2983865008457078,64.9193250422854
19,5,1.2983865008457078,64.9193250422854
6,19,1.064690922163887,53.234546108194344
19,6,1.064690922163887,53.234546108194344
7,19,1.1177991774986007,55.88995887493004
19,7,1.1177991774986007,55.88995887493004
8,19,0.896943774751286,44.847188737564295
19,8,0.896943774751286,44.847188737564295
9,19,0.7184461610855897,35.92230805427948
19,9,0.7184461610855897,35.92230805427948
10,19,0.6553214767597438,32.76607383798719
19,10,0.6553214767597438,32.76607383798719
11,19,0.9659496692611458,48.29748346305729
19,11,0.9659496692611458,48.29748346305729
12,19,1.1599021187432568,57.99510593716284
19,12,1.1599021187432568,57.99510593716284
13,19,0.7051405841616706,35.25702920808353
19,13,0.7051405841616706,35.25702920808353
14,19,1.8995477804690963,94.97738902345482
19,14,1.8995477804690963,94.97738902345482
15,19,1.512212115501712,75.6106057750856
19,15,1.512212115501712,75.6106057750856
16,19,1.785107067341736,89.2553533670868
19,16,1.785107067341736,89.2553533670868
17,19,1.0704026934625317,53.520134673126584
19,17,1.0704026934625317,53.520134673126584
18,19,2.273346793985914,113.66733969929571
19,18,2.273346793985914,113.66733969929571
0,20,1.5945839200497474,579.7291960024874
20,0,1.5945839200497474,79.72919600248737
1,20,0.4893443340426183,24.467216702130916
20,1,0.4893443340426183,24.467216702130916
2,20,1.4246562951086839,71.23281475543419
20,2,1.4246562951086839,71.23281475543419
3,20,0.5630361952137498,28.15180976068749
20,3,0.5630361952137498,28.15180976068749
4,20,2.5073829917317836,125.36914958658919
20,4,2.5073829917317836,125.36914958658919
5,20,2.150117007543709,107.50585037718545
20,5,2.150117007543709,107.50585037718545
6,20,0.9882621126342577,49.41310563171288
20,6,0.9882621126342577,49.41310563171288
7,20,1.99939121151406,99.969560575703
20,7,1.99939121151406,99.969560575703
8,20,1.6536800987517513,82.68400493758756
20,8,1.6536800987517513,82.68400493758756
9,20,1.2092432309605572,60.46216154802786
20,9,1.2092432309605572,60.46216154802786
10,20,1.303227956141335,65.16139780706675
20,10,1.303227956141335,65.16139780706675
11,20,0.3606702261358219,18.033511306791095
20,11,0.3606702261358219,18.033511306791095
12,20,1.9777074460727615,98.88537230363808
20,12,1.9777074460727615,98.88537230363808
13,20,1.1148137248652508,55.74068624326254
20,13,1.1148137248652508,55.74068624326254
14,20,2.7834035131092314,139.17017565546158
20,14,2.7834035131092314,139.17017565546158
15,20,1.5854068825555923,79.27034412777961
20,15,1.5854068825555923,79.27034412777961
16,20,2.6195938202653637,130.9796910132682
20,16,2.6195938202653637,130.9796910132682
17,20,1.9306513917935206,96.53256958967603
20,17,1.9306513917935206,96.53256958967603
18,20,3.100767192176987,155.03835960884936
20,18,3.100767192176987,155.03835960884936
19,20,0.8839401633841135,44.197008169205674
20,19,0.8839401633841135,44.197008169205674
0,21,1.7608186835133524,588.0409341756676
21,0,1.7608186835133524,88.04093417566762
1,21,0.7501883918998168,37.50941959499084
21,1,0.7501883918998168,37.50941959499084
2,21,1.3673911980760323,68.36955990380162
21,2,1.3673911980760323,68.36955990380162
3,21,0.8175356065391154,40.87678032695577
21,3,0.8175356065391154,40.87678032695577
4,21,2.575740077568881,128.78700387844404
21,4,2.575740077568881,128.78700387844404
5,21,2.1544529805600563,107.7226490280028
21,5,2.1544529805600563,107.7226490280028
6,21,1.246159495338107,62.307974766905346
21,6,1.246159495338107,62.307974766905346
7,21,2.044817887517801,102.24089437589005
21,7,2.044817887517801,102.24089437589005
8,21,1.8040680491201724,90.20340245600862
21,8,1.8040680491201724,90.20340245600862
9,21,1.4082500804664442,70.41250402332221
21,9,1.4082500804664442,70.41250402332221
10,21,1.2486921041163723,62.43460520581861
21,10,1.2486921041163723,62.43460520581861
11,21,0.6197602542466836,30.98801271233418
21,11,0.6197602542466836,30.98801271233418
12,21,2.1066331755032737,105.33165877516367
21,12,2.1066331755032737,105.33165877516367
13,21,1.3229069395243371,66.14534697621686
21,13,1.3229069395243371,66.14534697621686
14,21,2.841002404246313,142.05012021231565
21,14,2.841002404246313,142.05012021231565
15,21,1.8428392180593107,92.14196090296554
21,15,1.8428392180593107,92.14196090296554
16,21,2.741394543908399,137.06972719541994
21,16,2.741394543908399,137.06972719541994
17,21,1.9464907148989774,97.32453574494888
21,17,1.9464907148989774,97.32453574494888
18,21,3.2279148268830204,161.39574134415102
21,18,3.2279148268830204,161.39574134415102
19,21,0.9622334591630017,48.11167295815009
21,19,0.9622334591630017,48.11167295815009
20,21,0.2620748644836282,13.103743224181411
21,20,0.2620748644836282,13.103743224181411
0,22,1.578521428847802,578.9260714423901
22,0,1.578521428847802,78.9260714423901
1,22,0.763580498214376,38.1790249107188
22,1,0.763580498214376,38.1790249107188
2,22,1.1553333268948922,57.76666634474461
22,2,1.1553333268948922,57.76666634474461
3,22,0.7664924537919886,38.32462268959943
22,3,0.7664924537919886,38.32462268959943
4,22,2.354858372687976,117.7429186343988
22,4,2.354858372687976,117.7429186343988
5,22,1.9319490739788217,96.59745369894108
22,5,1.9319490739788217,96.59745369894108
6,22,1.1935398915671869,59.67699457835934
22,6,1.1935398915671869,59.67699457835934
7,22,1.8219466576279564,91.09733288139782
22,7,1.8219466576279564,91.09733288139782
8,22,1.612111446215235,80.60557231076176
22,8,1.612111446215235,80.60557231076176
9,22,1.2554372850935385,62.77186425467692
22,9,1.2554372850935385,62.77186425467692
10,22,1.0353535219453314,51.76767609726657
22,10,1.0353535219453314,51.76767609726657
11,22,0.6478280016603967,32.39140008301983
22,11,0.6478280016603967,32.39140008301983
12,22,1.9030066313668126,95.15033156834063
22,12,1.9030066313668126,95.15033156834063
13,22,1.1805700583314178,59.028502916570886
22,13,1.1805700583314178,59.028502916570886
14,22,2.6187122085664556,130.93561042832278
22,14,2.6187122085664556,130.93561042832278
15,22,1.7804751198434232,89.02375599217116
22,15,1.7804751198434232,89.02375599217116
16,22,2.5333846343592596,126.66923171796297
22,16,2.5333846343592596,126.66923171796297
17,22,1.7231822437880886,86.15911218940442
22,17,1.7231822437880886,86.15911218940442
18,22,3.0211006332257893,151.05503166128946
22,18,3.0211006332257893,151.05503166128946
19,22,0.7491772002720256,37.45886001360128
22,19,0.7491772002720256,37.45886001360128
20,22,0.3149256740336728,15.746283701683637
22,20,0.3149256740336728,15.746283701683637
21,22,0.2235006106223217,11.175030531116086
22,21,0.2235006106223217,11.175030531116086
0,23,1.597079066478627,579.8539533239314
23,0,1.597079066478627,79.85395332393135
1,23,2.896430226872744,144.8215113436372
23,1,2.896430226872744,144.8215113436372
2,23,1.7664673466236067,88.32336733118034
23,2,1.7664673466236067,88.32336733118034
3,23,2.6757633070496443,133.78816535248222
23,3,2.6757633070496443,133.78816535248222
4,23,0.38724071508373653,19.362035754186827
23,4,0.38724071508373653,19.362035754186827
5,23,0.9284872336380752,46.42436168190376
23,5,0.9284872336380752,46.42436168190376
6,23,2.67688595733184,133.844297866592
23,6,2.67688595733184,133.844297866592
7,23,0.9039315941036861,45.196579705184305
23,7,0.9039315941036861,45.196579705184305
8,23,1.4644006662645694,73.22003331322847
23,8,1.4644006662645694,73.22003331322847
9,23,2.0184007299288815,100.92003649644408
23,9,2.0184007299288815,100.92003649644408
10,23,1.8437276043166089,92.18638021583044
23,10,1.8437276043166089,92.18638021583044
11,23,2.9137355961329723,145.68677980664862
23,11,2.9137355961329723,145.68677980664862
12,23,1.11841628366114,55.920814183057
23,12,1.11841628366114,55.920814183057
13,23,2.1236416532407514,106.18208266203757
23,13,2.1236416532407514,106.18208266203757
14,23,0.1047545293998847,5.237726469994235
23,14,0.1047545293998847,5.237726469994235
15,23,2.718283809780091,135.91419048900454
23,15,2.718283809780091,135.91419048900454
16,23,0.751000858574808,37.5500429287404
23,16,0.751000858574808,37.5500429287404
17,23,1.0556541622100641,52.78270811050321
23,17,1.0556541622100641,52.78270811050321
18,23,0.8806237854776245,44.031189273881225
23,18,0.8806237854776245,44.031189273881225
19,23,2.0022353045631682,100.11176522815842
23,19,2.0022353045631682,100.11176522815842
20,23,2.885946119413622,144.2973059706811
23,20,2.885946119413622,144.2973059706811
21,23,2.9450458005101505,147.25229002550753
23,21,2.9450458005101505,147.25229002550753
22,23,2.722855742249351,136.14278711246754
23,22,2.722855742249351,136.14278711246754
0,24,1.5309659402640765,576.5482970132039
24,0,1.5309659402640765,76.54829701320382
1,24,2.5073841432842463,125.36920716421231
24,1,2.5073841432842463,125.36920716421231
2,24,1.0444060221339566,52.22030110669783
24,2,1.0444060221339566,52.22030110669783
3,24,2.3107805593067963,115.53902796533981
24,3,2.3107805593067963,115.53902796533981
4,24,0.6983338038464403,34.916690192322015
24,4,0.6983338038464403,34.916690192322015
5,24,0.22564027425308578,11.282013712654289
24,5,0.22564027425308578,11.282013712654289
6,24,2.4432517598574948,122.16258799287475
24,6,2.4432517598574948,122.16258799287475
7,24,0.5353756740463254,26.76878370231627
24,7,0.5353756740463254,26.76878370231627
8,24,1.3968019983940116,69.84009991970058
24,8,1.3968019983940116,69.84009991970058
9,24,1.8297919672909138,91.48959836454569
24,9,1.8297919672909138,91.48959836454569
10,24,1.1468395212799023,57.34197606399512
24,10,1.1468395212799023,57.34197606399512
11,24,2.4887512890613213,124.43756445306607
24,11,2.4887512890613213,124.43756445306607
12,24,1.1908176546532725,59.540882732663626
24,12,1.1908176546532725,59.540882732663626
13,24,1.9087902433220603,95.43951216610301
24,13,1.9087902433220603,95.43951216610301
14,24,0.7495903798122753,37.47951899061376
24,14,0.7495903798122753,37.47951899061376
15,24,2.667021776658935,133.35108883294674
24,15,2.667021776658935,133.35108883294674
16,24,1.2757737255977306,63.78868627988653
24,16,1.2757737255977306,63.78868627988653
17,24,0.4575987577325322,22.87993788662661
24,17,0.4575987577325322,22.87993788662661
18,24,1.6156461081161941,80.78230540580971
24,18,1.6156461081161941,80.78230540580971
19,24,1.5228749914168374,76.14374957084186
24,19,1.5228749914168374,76.14374957084186
20,24,2.3693424310397186,118.46712155198593
24,20,2.3693424310397186,118.46712155198593
21,24,2.36600872452757,118.3004362263785
24,21,2.36600872452757,118.3004362263785
22,24,2.144408781347181,107.22043906735905
24,22,2.144408781347181,107.22043906735905
23,24,0.8348841781736653,41.74420890868327
24,23,0.8348841781736653,41.74420890868327
0,25,0.4736659107506467,523.6832955375323
25,0,0.4736659107506467,23.683295537532334
1,25,1.2140924253696053,60.70462126848027
25,1,1.2140924253696053,60.70462126848027
2,25,0.9376913738569057,46.884568692845285
25,2,0.9376913738569057,46.884568692845285
3,25,0.995441192720914,49.772059636045704
25,3,0.995441192720914,49.772059636045704
4,25,1.295909586784727,64.79547933923635
25,4,1.295909586784727,64.79547933923635
5,25,1.1472054178480637,57.360270892403186
25,5,1.1472054178480637,57.360270892403186
6,25,1.0754493461698966,53.77246730849483
25,6,1.0754493461698966,53.77246730849483
7,25,0.8716589585978177,43.582947929890885
25,7,0.8716589585978177,43.582947929890885
8,25,0.459363522965203,22.96817614826015
25,8,0.459363522965203,22.96817614826015
9,25,0.49146300818083133,24.573150409041567
25,9,0.49146300818083133,24.573150409041567
10,25,0.8806225122693404,44.03112561346702
25,10,0.8806225122693404,44.03112561346702
11,25,1.233017441236322,61.6508720618161
25,11,1.233017441236322,61.6508720618161
12,25,0.7334794991755025,36.673974958775126
25,12,0.7334794991755025,36.673974958775126
13,25,0.5502258792753605,27.511293963768026
25,13,0.5502258792753605,27.511293963768026
14,25,1.585020844651599,79.25104223257995
25,14,1.585020844651599,79.25104223257995
15,25,1.3595522768696324,67.97761384348162
25,15,1.3595522768696324,67.97761384348162
16,25,1.3709766694533536,68.54883347266768
25,16,1.3709766694533536,68.54883347266768
17,25,0.919031728350583,45.95158641752915
25,17,0.919031728350583,45.95158641752915
18,25,1.8557223399992648,92.78611699996324
25,18,1.8557223399992648,92.78611699996324
19,25,0.4389344450745468,21.94672225372734
25,19,0.4389344450745468,21.94672225372734
20,25,1.2511388121272409,62.55694060636205
25,20,1.2511388121272409,62.55694060636205
21,25,1.3731579671833583,68.65789835916792
25,21,1.3731579671833583,68.65789835916792
22,25,1.1709461555003284,58.54730777501642
25,22,1.1709461555003284,58.54730777501642
23,25,1.6827129288416354,84.13564644208176
25,23,1.6827129288416354,84.13564644208176
24,25,1.3678810348827408,68.39405174413704
25,24,1.3678810348827408,68.39405174413704
0,26,1.3865623429368839,569.3281171468442
26,0,1.3865623429368839,69.32811714684419
1,26,2.5118237617081807,125.59118808540904
26,1,2.5118237617081807,125.59118808540904
2,26,1.2166138501002832,60.83069250501416
26,2,1.2166138501002832,60.83069250501416
3,26,2.3024543933024746,115.12271966512373
26,3,2.3024543933024746,115.12271966512373
4,26,0.39449319706235786,19.724659853117892
26,4,0.39449319706235786,19.724659853117892
5,26,0.3652389667464221,18.261948337321105
26,5,0.3652389667464221,18.261948337321105
6,26,2.3811317639441936,119.05658819720968
26,6,2.3811317639441936,119.05658819720968
7,26,0.4491426823681451,22.457134118407254
26,7,0.4491426823681451,22.457134118407254
8,26,1.247957230297764,62.3978615148882
26,8,1.247957230297764,62.3978615148882
9,26,1.7398200622571278,86.99100311285639
26,9,1.7398200622571278,86.99100311285639
10,26,1.3022799114170258,65.11399557085129
26,10,1.3022799114170258,65.11399557085129
11,26,2.509358424417441,125.46792122087204
26,11,2.509358424417441,125.46792122087204
12,26,0.98472476631253,49.2362383156265
26,12,0.98472476631253,49.2362383156265
13,26,1.830921930897488,91.5460965448744
26,13,1.830921930897488,91.5460965448744
14,26,0.4678351932915261,23.391759664576306
26,14,0.4678351932915261,23.391759664576306
15,26,2.5392444993710765,126.96222496855383
26,15,2.5392444993710765,126.96222496855383
16,26,0.9784517149704495,48.92258574852247
26,16,0.9784517149704495,48.92258574852247
17,26,0.5209918756051527,26.049593780257634
26,17,0.5209918756051527,26.049593780257634
18,26,1.3098409277167278,65.49204638583639
26,18,1.3098409277167278,65.49204638583639
19,26,1.5569941944539902,77.84970972269952
26,19,1.5569941944539902,77.84970972269952
20,26,2.4329047810234115,121.64523905117058
26,20,2.4329047810234115,121.64523905117058
21,26,2.461706543676579,123.08532718382894
26,21,2.461706543676579,123.08532718382894
22,26,2.238207587236208,111.9103793618104
26,22,2.238207587236208,111.9103793618104
23,26,0.5637486492496074,28.187432462480373
26,23,0.5637486492496074,28.187432462480373
24,26,0.3060540172128095,15.302700860640474
26,24,0.3060540172128095,15.302700860640474
25,26,1.3186375206602348,65.93187603301173
26,25,1.3186375206602348,65.93187603301173
0,27,0.7655641993925619,538.278209969628
27,0,0.7655641993925619,38.278209969628094
1,27,2.1851247994313026,109.25623997156514
27,1,2.1851247994313026,109.25623997156514
2,27,1.813395658857263,90.66978294286315
27,2,1.813395658857263,90.66978294286315
3,27,1.9603583802927167,98.01791901463584
27,3,1.9603583802927167,98.01791901463584
4,27,0.8702280457782132,43.51140228891066
27,4,0.8702280457782132,43.51140228891066
5,27,1.3711369449779058,68.5568472488953
27,5,1.3711369449779058,68.5568472488953
6,27,1.8098104662551402,90.490523312757
27,6,1.8098104662551402,90.490523312757
7,27,1.046278608430655,52.31393042153275
27,7,1.046278608430655,52.31393042153275
8,27,0.6996826471486947,34.98413235743473
27,8,0.6996826471486947,34.98413235743473
9,27,1.2046664078131322,60.23332039065661
27,9,1.2046664078131322,60.23332039065661
10,27,1.8200336046410166,91.00168023205083
27,10,1.8200336046410166,91.00168023205083
11,27,2.2471160196987867,112.35580098493934
27,11,2.2471160196987867,112.35580098493934
12,27,0.4440613943775463,22.203069718877316
27,12,0.4440613943775463,22.203069718877316
13,27,1.3177045943114114,65.88522971557057
27,13,1.3177045943114114,65.88522971557057
14,27,1.0865890977707182,54.329454888535906
27,14,1.0865890977707182,54.329454888535906
15,27,1.6867626878645154,84.33813439322577
27,15,1.6867626878645154,84.33813439322577
16,27,0.41636768405322855,20.818384202661427
27,16,0.41636768405322855,20.818384202661427
17,27,1.2806474556002487,64.03237278001244
27,17,1.2806474556002487,64.03237278001244
18,27,0.7941905776208524,39.70952888104262
27,18,0.7941905776208524,39.70952888104262
19,27,1.57800487812156,78.900243906078
27,19,1.57800487812156,78.900243906078
20,27,2.3521850271218456,117.60925135609227
27,20,2.3521850271218456,117.60925135609227
21,27,2.5029845728594737,125.1492286429737
27,21,2.5029845728594737,125.1492286429737
22,27,2.3081481777214927,115.40740888607463
27,22,2.3081481777214927,115.40740888607463
23,27,1.1302240251816131,56.51120125908066
27,23,1.1302240251816131,56.51120125908066
24,27,1.4768867255782874,73.84433627891437
27,24,1.4768867255782874,73.84433627891437
25,27,1.1409512275471132,57.047561377355656
27,25,1.1409512275471132,57.047561377355656
26,27,1.2129051231968793,60.64525615984396
27,26,1.2129051231968793,60.64525615984396
0,28,2.059591492655525,602.9795746327762
28,0,2.059591492655525,102.97957463277625
1,28,3.032446306868558,151.62231534342789
28,1,3.032446306868558,151.62231534342789
2,28,1.4732087077197564,73.66043538598782
28,2,1.4732087077197564,73.66043538598782
3,28,2.8412785214008403,142.06392607004202
28,3,2.8412785214008403,142.06392607004202
4,28,1.0418118667067109,52.09059333533554
28,4,1.0418118667067109,52.09059333533554
5,28,0.7630085551290813,38.150427756454064
28,5,0.7630085551290813,38.150427756454064
6,28,2.9845551832400616,149.22775916200308
28,6,2.9845551832400616,149.22775916200308
7,28,1.0687538883006804,53.43769441503402
28,7,1.0687538883006804,53.43769441503402
8,28,1.9231516670642115,96.15758335321057
28,8,1.9231516670642115,96.15758335321057
9,28,2.3711390840517153,118.55695420258576
28,9,2.3711390840517153,118.55695420258576
10,28,1.588610048107882,79.4305024053941
28,10,1.588610048107882,79.4305024053941
11,28,3.006804326234008,150.3402163117004
28,11,3.006804326234008,150.3402163117004
12,28,1.6837066909087668,84.18533454543834
28,12,1.6837066909087668,84.18533454543834
13,28,2.4507716978685337,122.53858489342667
28,13,2.4507716978685337,122.53858489342667
14,28,0.9297839739284899,46.489198696424495
28,14,0.9297839739284899,46.489198696424495
15,28,3.203232115031037,160.16160575155186
28,15,3.203232115031037,160.16160575155186
16,28,1.6195146744471263,80.97573372235631
28,16,1.6195146744471263,80.97573372235631
17,28,0.9941667520104331,49.70833760052166
28,17,0.9941667520104331,49.70833760052166
18,28,1.8436508746515876,92.18254373257938
28,18,1.8436508746515876,92.18254373257938
19,28,2.042536785185008,102.12683925925039
28,19,2.042536785185008,102.12683925925039
20,28,2.8632788992682334,143.16394496341167
28,20,2.8632788992682334,143.16394496341167
21,28,2.8349860309039165,141.74930154519583
28,21,2.8349860309039165,141.74930154519583
22,28,2.6178224339856047,130.89112169928023
28,22,2.6178224339856047,130.89112169928023
23,28,0.9649344548351408,48.24672274175704
28,23,0.9649344548351408,48.24672274175704
24,28,0.5420162144581371,27.100810722906854
28,24,0.5420162144581371,27.100810722906854
25,28,1.9094201865108094,95.47100932554046
28,25,1.9094201865108094,95.47100932554046
26,28,0.701929961836433,35.09649809182165
28,26,0.701929961836433,35.09649809182165
27,28,1.9030484507936933,95.15242253968466
28,27,1.9030484507936933,95.15242253968466
0,29,0.9627908940507772,548.1395447025388
29,0,0.9627908940507772,48.13954470253886
1,29,1.5533320442387344,77.66660221193672
29,1,1.5533320442387344,77.66660221193672
2,29,0.41675357608162306,20.837678804081154
29,2,0.41675357608162306,20.837678804081154
3,29,1.3680801016629731,68.40400508314866
29,3,1.3680801016629731,68.40400508314866
4,29,1.1796686705524677,58.98343352762339
29,4,1.1796686705524677,58.98343352762339
5,29,0.7424544714895656,37.12272357447828
29,5,0.7424544714895656,37.12272357447828
6,29,1.5654208207756368,78.27104103878185
29,6,1.5654208207756368,78.27104103878185
7,29,0.626845052476094,31.3422526238047
29,7,0.626845052476094,31.3422526238047
8,29,0.8836956445388308,44.184782226941536
29,8,0.8836956445388308,44.184782226941536
9,29,1.0486027934648146,52.430139673240724
29,9,1.0486027934648146,52.430139673240724
10,29,0.409752963610458,20.4876481805229
29,10,0.409752963610458,20.4876481805229
11,29,1.5272763635595399,76.363818177977
29,11,1.5272763635595399,76.363818177977
12,29,0.9677797673146574,48.38898836573287
29,12,0.9677797673146574,48.38898836573287
13,29,1.0912366794736557,54.56183397368278
29,13,1.0912366794736557,54.56183397368278
14,29,1.4255763354584852,71.27881677292426
29,14,1.4255763354584852,71.27881677292426
15,29,1.9150043596659239,95.7502179832962
29,15,1.9150043596659239,95.7502179832962
16,29,1.48930196342303,74.4650981711515
29,16,1.48930196342303,74.4650981711515
17,29,0.5215592796004668,26.077963980023338
29,17,0.5215592796004668,26.077963980023338
18,29,1.9680202468038133,98.40101234019066
29,18,1.9680202468038133,98.40101234019066
19,29,0.5625854074250902,28.12927037125451
29,19,0.5625854074250902,28.12927037125451
20,29,1.4092989727300047,70.46494863650024
29,20,1.4092989727300047,70.46494863650024
21,29,1.429308587812426,71.46542939062131
29,21,1.429308587812426,71.46542939062131
22,29,1.205808242367504,60.29041211837521
29,22,1.205808242367504,60.29041211837521
23,29,1.5303115105970704,76.51557552985352
29,23,1.5303115105970704,76.51557552985352
24,29,0.9647284329135652,48.23642164567826
29,24,0.9647284329135652,48.23642164567826
25,29,0.5629304242064556,28.146521210322778
29,25,0.5629304242064556,28.146521210322778
26,29,1.0324419855785023,51.62209927892512
29,26,1.0324419855785023,51.62209927892512
27,29,1.4102818821197654,70.51409410598826
29,27,1.4102818821197654,70.51409410598826
28,29,1.4800123102142557,74.00061551071279
29,28,1.4800123102142557,74.00061551071279
0,30,1.4504624787227638,572.5231239361382
30,0,1.4504624787227638,72.52312393613819
1,30,0.33204563852343705,16.60228192617185
30,1,0.33204563852343705,16.60228192617185
2,30,1.9527367183685787,97.63683591842893
30,2,1.9527367183685787,97.63683591842893
3,30,0.4106597912607758,20.53298956303879
30,3,0.4106597912607758,20.53298956303879
4,30,2.6162602537656996,130.81301268828497
30,4,2.6162602537656996,130.81301268828497
5,30,2.46952744212553,123.4763721062765
30,5,2.46952744212553,123.4763721062765
6,30,0.38556779287311704,19.278389643655853
30,6,0.38556779287311704,19.278389643655853
7,30,2.2175863041657773,110.87931520828886
30,7,2.2175863041657773,110.87931520828886
8,30,1.5645512304096298,78.22756152048149
30,8,1.5645512304096298,78.22756152048149
9,30,1.000708024301442,50.0354012150721
30,9,1.000708024301442,50.0354012150721
10,30,1.839429257941315,91.97146289706575
30,10,1.839429257941315,91.97146289706575
11,30,0.45810589686745173,22.905294843372587
30,11,0.45810589686745173,22.905294843372587
12,30,1.9272441352685374,96.36220676342687
30,12,1.9272441352685374,96.36220676342687
13,30,0.8889393943308325,44.44696971654162
30,13,0.8889393943308325,44.44696971654162
14,30,2.90952721176606,145.476360588303
30,14,2.90952721176606,145.476360588303
15,30,0.8846127177079698,44.23063588539849
30,15,0.8846127177079698,44.23063588539849
16,30,2.5412683241059058,127.06341620529528
30,16,2.5412683241059058,127.06341620529528
17,30,2.2373653102451816,111.86826551225907
30,17,2.2373653102451816,111.86826551225907
18,30,2.977298229791655,148.86491148958274
30,18,2.977298229791655,148.86491148958274
19,30,1.2179422693275463,60.89711346637732
30,19,1.2179422693275463,60.89711346637732
20,30,0.8187296986778714,40.93648493389357
30,20,0.8187296986778714,40.93648493389357
21,30,1.0773599836504908,53.867999182524535
30,21,1.0773599836504908,53.867999182524535
22,30,1.0946906799023883,54.73453399511941
30,22,1.0946906799023883,54.73453399511941
23,30,3.0021225913101977,150.1061295655099
30,23,3.0021225913101977,150.1061295655099
24,30,2.6945466969213605,134.72733484606803
30,24,2.6945466969213605,134.72733484606803
25,30,1.3468758563825325,67.34379281912662
30,25,1.3468758563825325,67.34379281912662
26,30,2.665395688646365,133.26978443231826
30,26,2.665395688646365,133.26978443231826
27,30,2.183520067097978,109.1760033548989
30,27,2.183520067097978,109.1760033548989
28,30,3.22999462984813,161.4997314924065
30,28,3.22999462984813,161.4997314924065
29,30,1.7664867838423794,88.32433919211897
30,29,1.7664867838423794,88.32433919211897
0,31,1.1943322555327034,559.7166127766352
31,0,1.1943322555327034,59.71661277663517
1,31,0.2795545239845487,13.977726199227437
31,1,0.2795545239845487,13.977726199227437
2,31,1.677214316123808,83.8607158061904
31,2,1.677214316123808,83.8607158061904
3,31,0.16496141055329644,8.248070527664822
31,3,0.16496141055329644,8.248070527664822
4,31,2.334501979177709,116.72509895888545
31,4,2.334501979177709,116.72509895888545
5,31,2.1764670726803725,108.82335363401863
31,5,2.1764670726803725,108.82335363401863
6,31,0.2794189418095493,13.970947090477464
31,6,0.2794189418095493,13.970947090477464
7,31,1.9262148094771592,96.31074047385796
31,7,1.9262148094771592,96.31074047385796
8,31,1.300101344568432,65.0050672284216
31,8,1.300101344568432,65.0050672284216
9,31,0.7436636942918821,37.183184714594105
31,9,0.7436636942918821,37.183184714594105
10,31,1.5666879831728653,78.33439915864327
31,10,1.5666879831728653,78.33439915864327
11,31,0.3959144021308896,19.79572010654448
31,11,0.3959144021308896,19.79572010654448
12,31,1.661644696779306,83.08223483896529
31,12,1.661644696779306,83.08223483896529
13,31,0.6299981694504205,31.499908472521028
31,13,0.6299981694504205,31.499908472521028
14,31,2.6272185435160806,131.36092717580402
31,14,2.6272185435160806,131.36092717580402
15,31,0.8761538004271747,43.80769002135874
31,15,0.8761538004271747,43.80769002135874
16,31,2.286791245475786,114.3395622737893
31,16,2.286791245475786,114.3395622737893
17,31,1.9443082555606643,97.21541277803321
31,17,1.9443082555606643,97.21541277803321
18,31,2.73515031841039,136.7575159205195
31,18,2.73515031841039,136.7575159205195
19,31,0.9329467716672357,46.64733858336179
31,19,0.9329467716672357,46.64733858336179
20,31,0.7098693286468954,35.493466432344775
31,20,0.7098693286468954,35.493466432344775
21,31,0.96910131451784,48.455065725892
31,21,0.96910131451784,48.455065725892
22,31,0.9295369639364481,46.47684819682241
31,22,0.9295369639364481,46.47684819682241
23,31,2.7211880688611347,136.05940344305674
31,23,2.7211880688611347,136.05940344305674
24,31,2.4014808581381506,120.07404290690752
31,24,2.4014808581381506,120.07404290690752
25,31,1.0566711710059662,52.83355855029831
31,25,1.0566711710059662,52.83355855029831
26,31,2.3744835468383934,118.72417734191967
31,26,2.3744835468383934,118.72417734191967
27,31,1.9450399910156622,97.25199955078311
31,27,1.9450399910156622,97.25199955078311
28,31,2.9370533645135573,146.85266822567786
31,28,2.9370533645135573,146.85266822567786
29,31,1.4759508654652655,73.79754327326327
31,29,1.4759508654652655,73.79754327326327
30,31,0.2930659210900774,14.653296054503869
31,30,0.2930659210900774,14.653296054503869
0,32,1.9591790809451715,597.9589540472585
32,0,1.9591790809451715,97.95895404725857
1,32,1.1619840743058127,58.09920371529064
32,1,1.1619840743058127,58.09920371529064
2,32,1.2272488746882382,61.362443734411904
32,2,1.2272488746882382,61.362443734411904
3,32,1.196798041827101,59.83990209135505
32,3,1.196798041827101,59.83990209135505
4,32,2.5903284605471066,129.51642302735533
32,4,2.5903284605471066,129.51642302735533
5,32,2.076345463590661,103.81727317953305
32,5,2.076345463590661,103.81727317953305
6,32,1.6265140868533063,81.32570434266532
32,6,1.6265140868533063,81.32570434266532
7,32,2.0366027724940814,101.83013862470406
32,7,2.0366027724940814,101.83013862470406
8,32,1.9748749840304975,98.74374920152488
32,8,1.9748749840304975,98.74374920152488
9,32,1.6728420504821668,83.64210252410834
32,9,1.6728420504821668,83.64210252410834
10,32,1.1229981657639783,56.14990828819891
32,10,1.1229981657639783,56.14990828819891
11,32,1.0347411220041574,51.73705610020787
32,11,1.0347411220041574,51.73705610020787
12,32,2.2327445392524576,111.63722696262289
32,12,2.2327445392524576,111.63722696262289
13,32,1.6055438384484626,80.27719192242313
32,13,1.6055438384484626,80.27719192242313
14,32,2.8327781850761427,141.63890925380713
32,14,2.8327781850761427,141.63890925380713
15,32,2.2167707136442107,110.83853568221053
32,15,2.2167707136442107,110.83853568221053
16,32,2.841702044783674,142.0851022391837
32,16,2.841702044783674,142.0851022391837
17,32,1.894125772844299,94.70628864221496
32,17,1.894125772844299,94.70628864221496
18,32,3.3302781678682116,166.5139083934106
32,18,3.3302781678682116,166.5139083934106
19,32,1.0798114521199265,53.99057260599632
32,19,1.0798114521199265,53.99057260599632
20,32,0.6741424642099709,33.707123210498544
32,20,0.6741424642099709,33.707123210498544
21,32,0.4225588960549611,21.127944802748054
32,21,0.4225588960549611,21.127944802748054
22,32,0.4383131123832183,21.915655619160916
32,22,0.4383131123832183,21.915655619160916
23,32,2.937486122473256,146.8743061236628
32,23,2.937486122473256,146.8743061236628
24,32,2.269618964616723,113.48094823083613
32,24,2.269618964616723,113.48094823083613
25,32,1.5185917380166092,75.92958690083046
32,25,1.5185917380166092,75.92958690083046
26,32,2.414584772742421,120.72923863712103
32,26,2.414584772742421,120.72923863712103
27,32,2.6570999560452435,132.85499780226218
32,27,2.6570999560452435,132.85499780226218
28,32,2.6892388049349374,134.46194024674688
32,28,2.6892388049349374,134.46194024674688
29,32,1.410824711241845,70.54123556209225
32,29,1.410824711241845,70.54123556209225
30,32,1.4926234057241188,74.63117028620594
32,30,1.4926234057241188,74.63117028620594
31,32,1.3570532511584776,67.85266255792388
32,31,1.3570532511584776,67.85266255792388
0,33,1.0005285867413838,550.0264293370692
33,0,1.0005285867413838,50.02642933706919
1,33,2.409368663198574,120.4684331599287
33,1,2.409368663198574,120.4684331599287
2,33,1.7351732288067814,86.75866144033907
33,2,1.7351732288067814,86.75866144033907
3,33,2.182580679689541,109.12903398447705
33,3,2.182580679689541,109.12903398447705
4,33,0.5206643458343535,26.033217291717673
33,4,0.5206643458343535,26.033217291717673
5,33,1.1312177074033862,56.560885370169316
33,5,1.1312177074033862,56.560885370169316
6,33,2.0926371082944812,104.63185541472406
33,6,2.0926371082944812,104.63185541472406
7,33,0.8621027650084264,43.10513825042132
33,7,0.8621027650084264,43.10513825042132
8,33,0.8929037005072508,44.64518502536254
33,8,0.8929037005072508,44.64518502536254
9,33,1.4511812183220778,72.55906091610389
33,9,1.4511812183220778,72.55906091610389
10,33,1.7675519515523956,88.37759757761978
33,10,1.7675519515523956,88.37759757761978
11,33,2.45444895403506,122.72244770175301
33,11,2.45444895403506,122.72244770175301
12,33,0.5372442344605765,26.862211723028825
33,12,0.5372442344605765,26.862211723028825
13,33,1.5641286690896898,78.2064334544845
33,13,1.5641286690896898,78.2064334544845
14,33,0.7036776622829827,35.18388311414913
33,14,0.7036776622829827,35.18388311414913
15,33,2.0377549695705457,101.88774847852729
33,15,2.0377549695705457,101.88774847852729
16,33,0.11965108999273863,5.982554499636931
33,16,0.11965108999273863,5.982554499636931
17,33,1.1008791362325214,55.04395681162607
33,17,1.1008791362325214,55.04395681162607
18,33,0.6068447212691461,30.342236063457307
33,18,0.6068447212691461,30.342236063457307
19,33,1.6693766328492623,83.46883164246312
33,19,1.6693766328492623,83.46883164246312
20,33,2.5090088445797742,125.4504422289887
33,20,2.5090088445797742,125.4504422289887
21,33,2.627191196593698,131.3595598296849
33,21,2.627191196593698,131.3595598296849
22,33,2.4181235516381063,120.90617758190531
33,22,2.4181235516381063,120.90617758190531
23,33,0.7424222142725402,37.12111071362701
33,23,0.7424222142725402,37.12111071362701
24,33,1.1904180469140477,59.52090234570238
33,24,1.1904180469140477,59.52090234570238
25,33,1.2588542555833535,62.94271277916768
33,25,1.2588542555833535,62.94271277916768
26,33,0.8999496186848289,44.997480934241445
33,26,0.8999496186848289,44.997480934241445
27,33,0.38858179691587386,19.429089845793694
33,27,0.38858179691587386,19.429089845793694
28,33,1.5618928410288222,78.09464205144111
33,28,1.5618928410288222,78.09464205144111
29,33,1.3697916117408127,68.48958058704063
33,29,1.3697916117408127,68.48958058704063
30,33,2.4509826863508946,122.54913431754473
33,30,2.4509826863508946,122.54913431754473
31,33,2.1919763433627506,109.59881716813753
33,31,2.1919763433627506,109.59881716813753
32,33,2.7234367999392965,136.17183999696482
33,32,2.7234367999392965,136.17183999696482
0,34,0.5622342399896978,528.1117119994849
34,0,0.5622342399896978,28.11171199948489
1,34,1.5004326421212044,75.02163210606022
34,1,1.5004326421212044,75.02163210606022
2,34,1.9111172812403503,95.55586406201752
34,2,1.9111172812403503,95.55586406201752
3,34,1.3016924338843288,65.08462169421644
34,3,1.3016924338843288,65.08462169421644
4,34,1.6476409431937,82.382047159685
34,4,1.6476409431937,82.382047159685
5,34,1.8798823643709661,93.99411821854831
34,5,1.8798823643709661,93.99411821854831
6,34,1.0136475905222617,50.68237952611309
34,6,1.0136475905222617,50.68237952611309
7,34,1.5299618676814168,76.49809338407084
34,7,1.5299618676814168,76.49809338407084
8,34,0.6781824207702996,33.909121038514975
34,8,0.6781824207702996,33.909121038514975
9,34,0.6393761337649567,31.968806688247838
34,9,0.6393761337649567,31.968806688247838
10,34,1.858907516489606,92.94537582448031
34,10,1.858907516489606,92.94537582448031
11,34,1.598118955742991,79.90594778714954
34,11,1.598118955742991,79.90594778714954
12,34,0.9014937387696542,45.074686938482714
34,12,0.9014937387696542,45.074686938482714
13,34,0.7109151720550377,35.54575860275189
34,13,0.7109151720550377,35.54575860275189
14,34,1.9171180989780143,95.85590494890072
34,14,1.9171180989780143,95.85590494890072
15,34,0.7718129329078558,38.59064664539279
34,15,0.7718129329078558,38.59064664539279
16,34,1.328996495613147,66.44982478065735
34,16,1.328996495613147,66.44982478065735
17,34,1.695052139128292,84.7526069564146
34,17,1.695052139128292,84.7526069564146
18,34,1.6792946312526944,83.96473156263473
34,18,1.6792946312526944,83.96473156263473
19,34,1.3285036972601723,66.42518486300861
34,19,1.3285036972601723,66.42518486300861
20,34,1.816342074249427,90.81710371247135
34,20,1.816342074249427,90.81710371247135
21,34,2.0324591575247317,101.62295787623658
34,21,2.0324591575247317,101.62295787623658
22,34,1.8906539184880649,94.53269592440324
34,22,1.8906539184880649,94.53269592440324
23,34,1.9827036501298831,99.13518250649416
34,23,1.9827036501298831,99.13518250649416
24,34,2.0608625302318853,103.04312651159427
34,24,2.0608625302318853,103.04312651159427
25,34,0.9784523456786451,48.922617283932254
34,25,0.9784523456786451,48.922617283932254
26,34,1.881524440170743,94.07622200853714
34,26,1.881524440170743,94.07622200853714
27,34,0.9163944940519332,45.81972470259666
34,27,0.9163944940519332,45.81972470259666
28,34,2.574480516572281,128.72402582861403
34,28,2.574480516572281,128.72402582861403
29,34,1.513401556494814,75.6700778247407
34,29,1.513401556494814,75.6700778247407
30,34,1.3986614479756898,69.93307239878449
34,30,1.3986614479756898,69.93307239878449
31,34,1.2255986161518022,61.279930807590105
34,31,1.2255986161518022,61.279930807590105
32,34,2.3116890098997076,115.58445049498539
34,32,2.3116890098997076,115.58445049498539
33,34,1.2772045112166173,63.86022556083086
34,33,1.2772045112166173,63.86022556083086
0,35,1.6618568150864856,583.0928407543242
35,0,1.6618568150864856,83.09284075432429
1,35,2.8931689793967745,144.65844896983873
35,1,2.8931689793967745,144.65844896983873
2,35,1.6444819716448627,82.22409858224313
35,2,1.6444819716448627,82.22409858224313
3,35,2.677573342712448,133.8786671356224
35,3,2.677573342712448,133.8786671356224
4,35,0.44508246644586974,22.254123322293488
35,4,0.44508246644586974,22.254123322293488
5,35,0.7853930567345239,39.269652836726195
35,5,0.7853930567345239,39.269652836726195
6,35,2.715324747575607,135.76623737878035
35,6,2.715324747575607,135.76623737878035
7,35,0.8446284926371174,42.231424631855866
35,7,0.8446284926371174,42.231424631855866
8,35,1.5246860281874326,76.23430140937162
35,8,1.5246860281874326,76.23430140937162
9,35,2.060245087004173,103.01225435020864
35,9,2.060245087004173,103.01225435020864
10,35,1.7318420851206664,86.59210425603332
35,10,1.7318420851206664,86.59210425603332
11,35,2.9000099601836498,145.00049800918248
35,11,2.9000099601836498,145.00049800918248
12,35,1.2014297837073007,60.07148918536504
35,12,1.2014297837073007,60.07148918536504
13,35,2.160224581536429,108.01122907682145
35,13,2.160224581536429,108.01122907682145
14,35,0.2094070185502236,10.470350927511179
35,14,0.2094070185502236,10.470350927511179
15,35,2.804778319258145,140.23891596290724
35,15,2.804778319258145,140.23891596290724
16,35,0.937089934034621,46.85449670173105
35,16,0.937089934034621,46.85449670173105
17,35,0.9500512494031923,47.50256247015962
35,17,0.9500512494031923,47.50256247015962
18,35,1.108892278896378,55.444613944818904
35,18,1.108892278896378,55.444613944818904
19,35,1.9622778141779247,98.11389070889624
35,19,1.9622778141779247,98.11389070889624
20,35,2.8439222682459184,142.19611341229592
35,20,2.8439222682459184,142.19611341229592
21,35,2.883091543626759,144.15457718133794
35,21,2.883091543626759,144.15457718133794
22,35,2.65968759164836,132.984379582418
35,22,2.65968759164836,132.984379582418
23,35,0.22963705045246885,11.481852522623443
35,23,0.22963705045246885,11.481852522623443
24,35,0.6523683484949995,32.61841742474997
35,24,0.6523683484949995,32.61841742474997
25,35,1.682887100491464,84.1443550245732
35,25,1.682887100491464,84.1443550245732
26,35,0.4298754339957203,21.493771699786016
35,26,0.4298754339957203,21.493771699786016
27,35,1.2859917662515403,64.29958831257701
35,27,1.2859917662515403,64.29958831257701
28,35,0.735447792700616,36.7723896350308
35,28,0.735447792700616,36.7723896350308
29,35,1.4548028889353029,72.74014444676514
35,29,1.4548028889353029,72.74014444676514
30,35,3.0229871572627265,151.14935786313632
35,30,3.0229871572627265,151.14935786313632
31,35,2.7362897149005674,136.81448574502838
35,31,2.7362897149005674,136.81448574502838
32,35,2.8441198837162096,142.20599418581048
35,32,2.8441198837162096,142.20599418581048
33,35,0.9075232676829056,45.37616338414528
35,33,0.9075232676829056,45.37616338414528
34,35,2.0924509554171236,104.62254777085617
35,34,2.0924509554171236,104.62254777085617
